hs_id;hs_path;hs_created_at;hs_name;hs_child_table_id;hs_updated_at;order;member
50905369634;;2021-07-16 01:08:05;;0;2021-07-16 01:08:10;0;50907346559
50905369635;;2021-07-16 01:08:10;;0;2021-07-16 01:08:13;1;50905369626
50905369636;;2021-07-16 01:08:14;;0;2022-05-16 14:11:27;2;73696470373
50905369637;;2021-07-16 01:08:18;;0;2021-07-16 01:08:24;4;50905369399
50905369638;;2021-07-16 01:08:24;;0;2021-07-16 01:08:29;5;50905369432
50905369639;;2021-07-16 01:08:29;;0;2021-07-16 01:08:39;6;50905369403
50907346565;;2021-07-16 01:08:42;;0;2021-07-16 01:08:47;7;50905369391
50905369640;;2021-07-16 01:08:47;;0;2021-07-16 01:08:53;8;50905369629
50905369641;;2021-07-16 01:08:53;;0;2021-07-16 01:09:00;9;50907346560
50905369642;;2021-07-16 01:09:09;;0;2021-07-16 01:09:13;11;50905369396
50905369643;;2021-07-16 01:09:14;;0;2021-07-16 01:09:29;12;50905369428
50905369644;;2021-07-16 01:09:25;;0;2021-07-16 01:09:36;13;50905369402
50907346568;;2021-07-16 01:09:36;;0;2021-07-16 01:09:40;14;50907346561
50905369645;;2021-07-16 01:09:40;;0;2021-07-16 01:09:46;15;50907346522
73696471916;;2022-05-16 15:05:53;;0;2022-05-16 15:06:00;16;50907346521
