hs_id;hs_path;hs_created_at;hs_name;hs_child_table_id;hs_updated_at;order;team_member
50907346569;;2021-07-16 01:09:56;;0;2021-07-16 01:10:06;0;50907346562
50907346570;;2021-07-16 01:10:06;;0;2021-07-16 01:10:10;1;50907346563
50905369646;;2021-07-16 01:10:10;;0;2021-07-16 01:34:09;2;50905369631
50905369647;;2021-07-16 01:10:15;;0;2021-07-16 01:10:21;3;50905369392
50907346571;;2021-07-16 01:10:21;;0;2021-07-16 01:10:27;4;50905369391
50905369648;;2021-07-16 01:10:28;;0;2021-07-21 14:42:17;5;51201904548
50907346573;;2021-07-16 01:10:38;;0;2022-02-23 14:52:12;8;50907346564
51270613329;;2021-07-21 17:56:18;;0;2022-02-23 14:52:13;9;51263776687
66925099040;;2022-02-23 14:49:39;;0;2022-02-23 14:52:08;7;66925099035
66929353891;;2022-02-23 14:51:40;;0;2022-02-23 14:52:06;6;66929353869
