post_id,meta_value
539154,516529
539166,516529
539200,516529
539246,516529
539266,516529
539292,516529
539324,516529
539328,516529
539330,516529
539348,516529
539364,516529
539366,516529
539404,516529
539448,516529
539454,516529
539488,516529
539502,516529
539504,516529
539506,516529
539510,516529
539512,516529
539534,516529
539625,516529
539627,516529
539683,516529
539685,516529
539738,516529
539804,516529
539806,516529
539822,516529
539842,516529
539854,516529
539874,516529
539884,516529
539910,516529
539912,516529
539939,516529
539947,516529
539955,516529
539991,516529
539993,516529
539997,516529
540093,516529
540095,516529
540175,516529
540177,516529
540195,516529
540197,516529
540201,516529
540245,516529
540255,516529
540279,516529
540303,516529
540309,516529
540326,516529
540343,516529
540365,516529
540381,516529
540387,516529
540389,516529
540433,516529
540450,516529
540471,516529
540545,516529
540555,516529
540557,516529
540597,516529
540637,516529
540639,516529
540641,516529
540683,516529
540715,516529
540719,516529
540741,516529
540765,516529
540801,516529
540809,516529
540875,516529
540905,516529
540925,516529
540927,516529
540997,516529
541011,516529
541019,516529
541043,516529
541061,516529
541089,516529
541105,516529
541107,516529
541111,516529
541119,516529
541153,516529
541171,516529
541187,516529
541207,516529
541223,516529
541245,516529
541265,516529
541287,516529
541345,516529
541353,516529
541391,516529
541419,516529
541435,516529
541487,516529
541509,516529
541511,516529
541513,516529
541547,516529
541555,516529
541585,516529
541625,516529
541627,516529
541655,516529
541729,516529
541759,516529
541765,516529
541823,516529
541845,516529
541847,516529
541859,516529
541865,516529
541893,516529
541927,516529
541951,516529
541953,516529
541967,516529
542001,516529
542021,516529
542023,516529
542025,516529
542041,516529
542065,516529
542127,516529
542163,516529
542199,516529
542231,516529
542233,516529
542257,516529
542259,516529
542273,516529
542275,516529
542279,516529
542387,516529
542390,516529
542393,516529
542407,516529
542449,516529
542451,516529
542459,516529
542471,516529
542497,516529
542499,516529
542501,516529
542587,516529
542613,516529
542616,516529
542651,516529
542699,516529
542717,516529
542719,516529
542763,516529
542765,516529
542795,516529
542821,516529
542825,516529
542853,516529
542877,516529
542911,516529
542935,516529
542937,516529
542941,516529
543055,516529
543059,516529
543067,516529
543081,516529
543083,516529
543145,516529
543147,516529
543149,516529
543211,516529
543239,516529
543267,516529
543343,516529
543345,516529
543359,516529
543383,516529
543385,516529
543399,516529
543401,516529
543454,516529
543456,516529
543476,516529
543528,516529
543550,516529
543552,516529
543593,516529
543723,516529
543727,516529
543729,516529
543747,516529
543769,516529
543783,516529
543811,516529
543853,516529
543855,516529
543857,516529
543875,516529
543945,516529
544005,516529
544029,516529
544031,516529
544039,516529
544089,516529
544097,516529
544099,516529
544131,516529
544165,516529
544167,516529
544183,516529
544221,516529
544225,516529
544281,516529
544289,516529
544323,516529
544347,516529
544395,516529
544447,516529
544465,516529
544531,516529
544533,516529
544547,516529
544587,516529
544589,516529
544595,516529
544597,516529
544645,516529
544661,516529
544703,516529
544705,516529
544727,516529
544745,516529
544761,516529
544821,516529
544839,516529
544847,516529
544859,516529
544881,516529
544907,516529
544909,516529
544951,516529
544971,516529
545003,516529
545035,516529
545061,516529
545075,516529
545103,516529
545121,516529
545125,516529
545127,516529
545141,516529
545157,516529
545171,516529
545207,516529
545223,516529
545225,516529
545227,516529
545239,516529
545257,516529
545303,516529
545307,516529
545327,516529
545355,516529
545367,516529
545369,516529
545385,516529
545389,516529
545407,516529
545409,516529
545429,516529
545435,516529
545445,516529
545459,516529
545483,516529
545489,516529
545509,516529
545511,516529
545546,516529
545548,516529
545570,516529
545578,516529
545594,516529
545598,516529
545614,516529
545618,516529
545624,516529
545652,516529
545684,516529
545698,516529
545714,516529
545734,516529
545754,516529
545756,516529
545794,516529
545824,516529
545832,516529
545870,516529
545886,516529
545904,516529
545948,516529
545958,516529
545992,516529
546016,516529
546036,516529
546050,516529
546084,516529
546098,516529
546132,516529
546134,516529
546144,516529
546174,516529
546194,516529
546202,516529
546214,516529
546244,516529
546252,516529
546272,516529
546286,516529
546292,516529
546332,516529
546356,516529
546374,516529
546384,516529
546410,516529
546456,516529
546466,516529
546486,516529
546512,516529
546514,516529
546540,516529
546566,516529
546578,516529
546598,516529
546620,516529
546634,516529
546644,516529
546686,516529
546716,516529
546754,516529
546766,516529
546768,516529
546784,516529
546792,516529
546800,516529
546818,516529
546820,516529
546830,516529
546844,516529
546846,516529
546856,516529
546860,516529
546894,516529
546896,516529
546916,516529
546918,516529
546934,516529
546936,516529
546942,516529
546952,516529
546956,516529
546964,516529
546972,516529
546984,516529
547004,516529
547008,516529
547036,516529
547042,516529
547050,516529
547060,516529
547088,516529
547092,516529
547096,516529
547108,516529
547114,516529
547124,516529
547134,516529
547140,516529
547156,516529
547158,516529
547166,516529
547184,516529
547188,516529
547192,516529
547208,516529
547214,516529
547220,516529
547231,516529
547240,516529
547243,516529
547249,516529
547261,516529
547265,516529
547279,516529
547283,516529
547297,516529
547301,516529
547305,516529
547311,516529
547313,516529
547329,516529
547331,516529
547349,516529
547351,516529
547371,516529
547381,516529
547395,516529
547399,516529
547407,516529
547409,516529
547425,516529
547453,516529
547455,516529
547473,516529
547475,516529
547483,516529
547495,516529
547501,516529
547507,516529
547509,516529
547525,516529
547527,516529
547547,516529
547555,516529
547575,516529
547579,516529
547587,516529
547593,516529
547597,516529
547605,516529
547627,516529
547629,516529
547639,516529
547657,516529
547659,516529
547671,516529
547679,516529
547693,516529
547705,516529
547707,516529
547709,516529
547721,516529
547729,516529
547745,516529
547762,516529
547765,516529
547767,516529
547769,516529
547787,516529
547797,516529
547807,516529
547845,516529
547847,516529
547849,516529
547857,516529
547859,516529
547861,516529
547867,516529
547881,516529
547891,516529
547899,516529
547917,516529
547929,516529
547939,516529
547945,516529
547951,516529
547953,516529
547967,516529
547969,516529
547985,516529
547996,516529
548008,516529
548023,516529
548036,516529
548040,516529
548042,516529
548059,516529
548067,516529
548082,516529
548088,516529
548100,516529
548112,516529
548124,516529
548128,516529
548130,516529
548135,516529
548144,516529
548158,516529
548164,516529
548180,516529
548184,516529
548201,516529
548205,516529
548217,516529
548227,516529
548231,516529
548233,516529
548250,516529
548260,516529
548274,516529
548290,516529
548298,516529
548310,516529
548312,516529
548318,516529
548324,516529
548340,516529
548344,516529
548354,516529
548360,516529
548372,516529
548374,516529
548378,516529
548388,516529
548394,516529
548396,516529
548400,516529
548418,516529
548424,516529
548438,516529
548442,516529
548450,516529
548468,516529
548472,516529
548482,516529
548488,516529
548490,516529
548508,516529
548518,516529
548530,516529
548532,516529
548546,516529
548548,516529
548564,516529
548572,516529
548580,516529
548582,516529
548602,516529
548604,516529
548619,516529
548625,516529
548627,516529
548638,516529
548650,516529
548670,516529
548672,516529
548678,516529
548698,516529
548706,516529
548732,516529
548736,516529
548746,516529
548758,516529
548762,516529
548764,516529
548766,516529
548772,516529
548788,516529
548801,516529
548805,516529
548823,516529
548831,516529
548841,516529
548845,516529
548851,516529
548857,516529
548879,516529
548889,516529
548905,516529
548913,516529
548921,516529
548931,516529
548935,516529
548947,516529
548961,516529
548971,516529
548977,516529
548991,516529
548997,516529
549011,516529
549013,516529
549028,516529
549032,516529
549055,516529
549057,516529
549067,516529
549085,516529
549087,516529
549105,516529
549107,516529
549109,516529
549117,516529
549119,516529
549133,516529
549149,516529
549157,516529
549163,516529
549179,516529
549189,516529
549191,516529
549203,516529
549207,516529
549227,516529
549232,516529
549246,516529
549252,516529
549267,516529
549272,516529
549276,516529
549280,516529
549287,516529
549292,516529
549321,516529
549323,516529
549339,516529
549341,516529
549365,516529
549371,516529
549373,516529
549375,516529
549407,516529
549418,516529
549426,516529
549432,516529
549444,516529
549446,516529
549450,516529
549474,516529
549476,516529
549484,516529
549496,516529
549500,516529
549512,516529
549518,516529
549522,516529
549530,516529
549536,516529
549546,516529
549562,516529
549568,516529
549584,516529
549592,516529
549598,516529
549600,516529
549616,516529
549618,516529
552268,516557
552274,516557
552294,516557
552302,516557
552326,516557
552338,516557
552352,516557
552376,516557
552390,516557
552406,516557
552416,516557
552436,516557
552456,516557
552468,516557
552476,516557
552488,516557
552506,516557
552516,516557
552524,516557
552534,516557
552550,516557
552560,516557
552574,516557
552592,516557
552606,516557
552622,516557
552636,516557
552652,516557
552668,516557
552686,516557
552708,516557
552722,516557
552736,516557
552754,516557
552774,516557
552802,516557
552816,516557
552824,516557
552838,516557
552848,516557
552862,516557
552876,516557
552884,516557
552894,516557
552918,516557
552934,516557
552940,516557
552946,516557
552958,516557
552974,516557
552988,516557
552994,516557
553000,516557
553012,516557
553028,516557
553060,516557
553072,516557
553084,516557
553094,516557
553106,516557
553116,516557
553128,516557
553136,516557
553150,516557
553160,516557
553174,516557
553186,516557
553198,516557
553208,516557
553218,516557
553232,516557
553248,516557
553254,516557
553264,516557
553282,516557
553294,516557
553304,516557
553322,516557
553328,516557
553342,516557
553358,516557
553376,516557
553378,516557
553392,516557
553404,516557
553424,516557
553434,516557
553448,516557
553466,516557
553476,516557
553510,516557
553520,516557
553522,516557
553530,516557
553542,516557
553550,516557
553566,516557
553576,516557
553586,516557
553602,516557
553606,516557
553618,516557
553628,516557
553634,516557
553642,516557
553675,516557
553677,516557
553695,516557
553707,516557
553723,516557
553735,516557
553749,516557
553765,516557
553781,516557
553803,516557
553819,516557
553831,516557
553839,516557
553861,516557
553875,516557
553891,516557
553903,516557
553921,516557
553933,516557
553947,516557
553967,516557
553977,516557
553993,516557
554005,516557
554011,516557
554027,516557
554041,516557
554053,516557
554061,516557
554075,516557
554089,516557
554095,516557
554105,516557
554122,516557
554140,516557
554156,516557
554176,516557
554186,516557
554200,516557
554216,516557
554232,516557
554244,516557
554260,516557
554274,516557
554288,516557
554296,516557
554320,516557
554330,516557
554344,516557
554362,516557
554374,516557
554402,516557
554414,516557
554434,516557
554448,516557
554462,516557
554478,516557
554496,516557
554506,516557
554524,516557
554538,516557
554554,516557
554570,516557
554584,516557
554604,516557
554618,516557
554631,516557
554653,516557
554669,516557
554685,516557
554693,516557
554705,516557
554717,516557
554725,516557
554737,516557
554747,516557
554771,516557
554781,516557
554793,516557
554811,516557
554821,516557
554833,516557
554849,516557
554873,516557
554875,516557
554889,516557
554905,516557
554915,516557
554925,516557
554933,516557
554953,516557
554963,516557
554981,516557
554999,516557
555007,516557
555025,516557
555035,516557
555051,516557
555069,516557
555085,516557
555095,516557
555109,516557
555121,516557
555147,516557
555163,516557
555173,516557
555195,516557
555205,516557
555221,516557
555231,516557
555239,516557
555247,516557
555259,516557
555275,516557
555299,516557
555317,516557
555333,516557
555359,516557
555381,516557
555437,516557
555451,516557
555463,516557
555481,516557
555503,516557
555521,516557
555545,516557
555553,516557
555585,516557
555595,516557
555605,516557
555613,516557
555621,516557
555637,516557
555651,516557
555665,516557
555677,516557
555689,516557
555703,516557
555711,516557
555735,516557
555759,516557
555773,516557
555904,516557
555920,516557
555936,516557
555954,516557
555960,516557
555972,516557
555984,516557
556000,516557
556010,516557
556032,516557
556065,516557
556067,516557
556075,516557
556093,516557
556119,516557
556127,516557
556139,516557
556165,516557
556173,516557
556187,516557
556198,516557
556208,516557
556223,516557
556233,516557
556246,516557
556257,516557
556276,516557
556282,516557
556302,516557
556313,516557
556322,516557
556333,516557
556349,516557
556363,516557
556384,516557
556407,516557
556420,516557
556432,516557
556456,516557
556469,516557
556496,516557
556498,516557
556544,516557
556546,516557
556562,516557
556581,516557
556587,516557
556599,516557
556609,516557
556621,516557
556638,516557
556648,516557
556663,516557
556675,516557
556691,516557
556709,516557
556729,516557
556743,516557
556753,516557
556772,516557
556783,516557
556792,516557
556804,516557
556820,516557
556832,516557
556842,516557
556856,516557
556862,516557
556878,516557
556886,516557
556892,516557
556908,516557
556920,516557
556933,516557
556937,516557
556951,516557
556963,516557
556980,516557
556984,516557
557002,516557
557020,516557
557032,516557
557050,516557
557060,516557
557072,516557
557090,516557
557102,516557
557108,516557
557125,516557
557127,516557
557136,516557
557145,516557
557217,516557
557235,516557
557245,516557
557263,516557
557275,516557
557289,516557
557297,516557
557309,516557
557321,516557
557333,516557
557341,516557
557351,516557
557363,516557
557369,516557
557385,516557
557399,516557
557411,516557
557417,516557
557431,516557
557443,516557
557461,516557
557469,516557
557479,516557
557491,516557
557497,516557
557509,516557
557525,516557
557535,516557
557543,516557
557557,516557
557567,516557
557577,516557
557585,516557
557593,516557
557609,516557
557615,516557
557629,516557
557637,516557
557647,516557
557653,516557
557663,516557
557673,516557
557697,516557
557709,516557
557717,516557
557725,516557
557739,516557
557747,516557
557767,516557
557777,516557
557785,516557
557797,516557
557801,516557
557819,516557
557845,516557
557851,516557
557871,516557
557881,516557
557889,516557
557901,516557
557915,516557
557929,516557
557943,516557
557951,516557
557955,516557
557967,516557
557975,516557
557991,516557
558001,516557
558015,516557
558023,516557
558037,516557
558047,516557
558053,516557
558061,516557
558073,516557
558075,516557
558085,516557
558097,516557
558107,516557
558115,516557
558117,516557
558127,516557
558131,516557
558135,516557
558151,516557
558161,516557
558171,516557
558181,516557
558191,516557
558205,516557
558219,516557
558233,516557
558243,516557
558263,516557
558277,516557
558283,516557
558297,516557
558309,516557
558323,516557
558347,516557
558359,516557
558373,516557
558409,516557
558427,516557
558433,516557
558435,516557
558443,516557
558445,516557
558451,516557
558457,516557
558459,516557
558461,516557
558467,516557
558469,516557
558473,516557
558481,516557
558483,516557
558487,516557
558493,516557
558495,516557
558501,516557
558503,516557
558507,516557
558509,516557
558511,516557
558515,516557
558517,516557
558519,516557
558523,516557
558527,516557
558549,516557
558553,516557
558555,516557
558561,516557
558563,516557
558565,516557
558567,516557
558573,516557
558577,516557
558579,516557
558583,516557
558585,516557
558591,516557
558593,516557
558597,516557
558601,516557
558603,516557
558609,516557
558611,516557
558615,516557
558617,516557
558621,516557
558625,516557
558629,516557
558631,516557
558635,516557
558637,516557
558639,516557
558647,516557
558653,516557
558655,516557
558657,516557
558661,516557
558665,516557
558669,516557
558673,516557
558677,516557
558681,516557
558687,516557
558691,516557
558693,516557
558701,516557
558707,516557
558715,516557
558719,516557
558725,516557
558733,516557
558739,516557
558747,516557
558755,516557
558761,516557
558765,516557
558769,516557
558771,516557
558773,516557
558779,516557
558783,516557
558785,516557
558789,516557
558791,516557
558797,516557
558799,516557
558809,516557
558811,516557
558817,516557
558819,516557
558827,516557
558829,516557
558837,516557
558839,516557
558845,516557
558849,516557
558857,516557
558859,516557
558863,516557
558865,516557
558871,516557
558875,516557
558879,516557
558885,516557
558889,516557
558897,516557
558899,516557
558911,516557
558915,516557
558921,516557
558925,516557
558931,516557
558935,516557
558941,516557
558945,516557
558951,516557
558953,516557
558957,516557
558961,516557
558963,516557
558971,516557
558975,516557
558977,516557
558979,516557
558985,516557
558991,516557
558995,516557
559001,516557
559005,516557
559007,516557
559013,516557
559015,516557
559021,516557
559023,516557
559037,516557
559039,516557
559045,516557
559051,516557
559055,516557
559063,516557
559067,516557
559071,516557
559075,516557
559085,516557
559087,516557
559089,516557
559099,516557
559101,516557
559107,516557
559109,516557
559115,516557
559119,516557
559127,516557
559133,516557
559137,516557
559141,516557
559143,516557
559147,516557
559149,516557
559155,516557
559157,516557
559163,516557
559165,516557
559169,516557
559173,516557
559179,516557
559181,516557
559189,516557
559195,516557
559199,516557
559215,516557
559217,516557
559223,516557
559225,516557
559229,516557
559231,516557
559237,516557
559239,516557
559247,516557
559249,516557
559259,516557
559261,516557
559269,516557
559275,516557
559283,516557
559285,516557
559289,516557
559291,516557
559297,516557
559299,516557
559307,516557
559309,516557
559315,516557
559317,516557
559323,516557
559325,516557
559347,516557
559353,516557
559359,516557
559361,516557
559367,516557
559369,516557
559373,516557
559375,516557
559379,516557
559383,516557
559413,516557
559419,516557
559421,516557
559425,516557
559427,516557
559435,516557
559437,516557
559441,516557
559447,516557
559451,516557
559455,516557
559459,516557
559463,516557
559467,516557
559469,516557
559475,516557
559477,516557
559481,516557
559489,516557
559491,516557
559497,516557
559499,516557
559503,516557
559505,516557
559523,516557
559527,516557
559531,516557
559533,516557
559535,516557
559539,516557
559543,516557
559545,516557
559555,516557
559557,516557
559563,516557
559565,516557
559567,516557
559569,516557
559575,516557
559581,516557
559585,516557
559589,516557
559593,516557
559595,516557
583682,516529
584427,516529
584433,516529
584468,516529
584474,516529
584486,516529
584492,516529
584502,516529
584536,516529
584546,516529
584592,516529
584628,516529
584650,516529
584666,516529
584671,516529
584678,516529
584687,516529
584692,516529
584698,516529
588353,516557
588363,516557
588372,516557
588378,516557
588387,516557
588395,516557
588405,516557
588410,516557
588417,516557
588422,516557
588434,516557
588442,516557
588447,516557
588456,516557
588461,516557
588469,516557
588473,516557
588486,516557
588490,516557
612745,516557
621732,516529
621748,516529
621750,516529
621754,516529
621762,516557
621763,516557
621764,516557
621765,516557
621907,516557
622183,516529
622215,516529
622327,516529
622338,516529
623420,516529
623650,516557
623670,516529
623844,516557
623855,516529
623884,516529
623952,516529
624058,516557
624076,516557
624202,516529
624241,516529
624301,516557
624377,516557
624478,516529
624505,516529
624579,516557
624615,516557
624749,516529
624759,516529
624898,516557
624911,516557
624915,516529
625217,516529
625250,516557
625433,516557
625483,516529
625522,516529
625574,516557
625580,516557
625703,516529
625798,516529
625896,516557
625971,516529
626024,516529
626083,516557
626285,516557
626356,516557
626445,516529
626507,516529
626509,516557
626607,516557
626706,516557
626853,516529
626958,516557
626975,516557
627099,516529
627139,516529
627159,516557
627163,516557
633022,516529
633239,516529
636808,516557
637255,516557
641304,516529
644692,516557
644708,516557
644742,516529
644931,516529
646532,516529
646571,516557
646575,516557
646906,516529
646930,516529
646992,516557
647004,516557
648854,516529
648889,516557
648899,516557
649032,516529
649037,516529
649123,516529
649154,516557
649160,516557
649400,516529
649475,516557
649490,516557
649591,516529
649620,516529
649707,516557
649739,516557
649756,516529
650279,516529
650374,516557
650412,516529
650464,516557
650575,516529
650646,516557
650651,516557
656718,516529
660991,516529
661523,516557
661553,516557
661824,516557
661878,516529
661998,516529
662028,516557
662082,516529
662154,516529
662233,516557
662246,516557
662349,516529
662510,516529
662588,516557
662620,516557
662655,516529
662872,516529
662903,516557
662911,516557
663024,516529
663135,516529
663352,516529
663369,516557
663452,516557
663628,516529
663710,516557
663904,516557
664014,516529
664018,516529
664029,516529
664064,516557
664105,516557
664212,516529
664261,516529
664280,516557
664294,516557
664422,516529
664431,516529
664447,516529
664538,516557
664545,516557
664786,516557
664871,516557
665259,516557
665264,516557
665432,516557
665443,516557
665736,516557
665748,516557
665924,516557
666330,516557
666347,516557
666559,516557
666580,516557
666772,516557
666786,516557
669747,516557
670905,516557
679200,516529
679226,516557
679243,516557
679613,516557
679617,516557
679801,516529
679894,516557
679915,516557
680037,516557
680044,516529
680055,516557
680181,516529
680321,516557
680340,516557
680490,516529
680530,516529
680736,516529
680763,516557
680769,516557
680850,516529
680981,516557
680989,516557
681219,516529
681345,516557
681349,516557
681396,516529
681545,516557
681550,516557
681651,516529
681716,516557
681727,516557
681920,516529
681971,516529
681976,516529
682014,516529
682075,516529
682090,516557
682094,516557
682553,516529
682588,516529
682785,516529
682977,516529
683086,516529
683458,516557
683471,516557
683506,516529
683605,516529
683650,516529
683800,516557
683830,516557
683973,516529
684042,516529
684059,516557
684068,516557
684254,516529
684265,516529
684342,516529
684349,516529
684354,516529
684428,516557
684434,516557
684440,516557
684592,516529
684597,516529
684669,516557
684743,516529
684770,516557
684873,516529
684921,516557
684926,516557
685035,516529
685067,516529
685194,516529
685226,516557
685301,516557
685346,516557
685462,516529
685505,516529
685550,516529
685688,516557
685697,516557
685893,516529
685939,516557
685953,516557
686037,516529
686091,516529
686097,516529
686205,516529
686259,516557
686265,516557
686618,516557
686671,516557
686961,516557
686974,516557
687110,516557
687309,516557
687314,516557
687397,516529
687579,516557
687585,516557
687732,516557
687745,516557
688006,516557
688016,516557
688179,516557
688187,516557
690669,516557
690677,516557
690714,516529
690823,516557
690827,516557
691006,516529
691022,516529
691107,516557
691140,516557
691402,516557
691406,516557
691568,516529
691629,516557
691634,516557
691638,516557
691721,516529
691821,516557
691839,516557
691845,516557
691915,516557
691936,516557
691995,516529
692007,516529
692458,516529
692674,516529
692716,516557
692806,516557
692863,516529
692869,516529
692976,516557
693284,516557
693330,516529
693425,516557
693599,516557
693662,516529
693901,516557
694066,516557
694143,516529
694260,516557
694428,516557
694744,516557
694753,516529
695314,516557
695411,516529
695470,516557
695664,516557
695953,516557
696175,516529
696255,516557
696555,516557
696560,516557
696673,516557
696740,516557
696753,516529
697133,516557
697440,516557
697642,516529
698127,516557
698148,516557
698356,516557
698372,516529
698961,516557
699201,516557
699213,516557
699407,516529
699529,516557
699549,516557
699562,516557
699672,516529
699778,516557
700118,516557
700140,516557
700149,516529
700401,516529
700719,516529
700779,516557
700984,516557
701185,516529
701485,516557
701694,516557
701701,516557
701983,516557
702138,516557
702308,516529
702477,516529
702578,516557
702586,516557
702923,516557
703177,516529
703204,516557
703341,516557
703703,516557
703729,516557
704136,516557
704604,516557
704624,516557
704885,516529
704923,516557
704930,516557
705130,516557
705165,516529
705191,516557
705425,516557
705440,516557
705651,516529
705704,516557
705973,516529
706100,516557
706241,516529
706263,516529
706374,516557
706404,516557
706658,516557
706676,516557
706933,516557
706940,516557
707166,516557
707373,516529
707396,516529
707487,516557
707509,516557
707582,516529
707734,516529
707775,516557
707784,516557
708121,516557
708351,516529
708419,516557
708652,516557
716543,516529
709319,516557
709324,516557
709657,516557
709913,516557
709930,516557
713792,516557
714018,516557
714023,516557
714362,516557
714367,516557
714579,516557
714787,516557
715163,516557
715346,516557
716045,516557
716075,516557
716253,516557
717103,516557
717462,516557
717682,516557
717891,516557
709276,516529
709541,516529
714586,516529
715431,516529
716047,516529
716333,516529
717049,516529
718092,516529
718431,516529
